FeatureBarcodename,FeatureBarcodesequence
BC_01,AAGGCAGACGGTGCAAA
BC_02,GGCTGCGCACCGCCTAA
BC_03,TAGTTGACATGCCATAA
BC_04,GACGCGCGTTGTCATAA
BC_05,CGTCCTAGGACATATAA
BC_06,CTCCAGCTCGAGCTCAA
BC_07,GGACGCAACTTAAGAAA
BC_08,AGCGAACCGCCGCTGAA
BC_09,GTGCAAGAGTTGGCGAA
BC_10,GAAGAAGCGTTATTCAA
BC_11,TGGTGACAAGTATCTAA
BC_12,CACTCCTTGACAGGTAA
BC_13,CGAGGTACATCTTGTAA
BC_14,GCCAAGATCAGGTCCAA
BC_15,TTAGGTGTACACGTTAA
BC_16,GCATTGCGTCAGGCTAA
BC_17,CTGGTCGAACTTCGTAA
BC_18,AGAGCTAGGATCGGAAA
BC_19,ATAATCATTACGTGGAA
BC_20,ACGAATCGGATACTAAA
BC_21,CGTCGCAATCCATTGAA
BC_22,TAGGTTACGAGTGTGAA
BC_23,CAAGCGCGGCTTCCGAA
BC_24,GCTAGCGTAATGTGGAA
BC_25,CATGGAGGCGAGGTTAA
BC_26,TGACACCTGAATATTAA
BC_27,AGACAGTGATGTCCGAA
BC_28,CCAATCGATATGAGCAA
BC_29,CGTACATGTACCACAAA
BC_30,GGACGAGTTCAACGTAA
BC_31,GCGGCTCTGTTGATGAA
BC_32,TTGTCACGGTAATAAAA
BC_33,ATCGAACCGACAGAGAA
BC_34,GGTCGACTAGGTCGGAA
BC_35,CTCAAGCATTATCATAA
BC_36,GGCAGCCTTCTATTGAA
BC_37,TCCGATCCTGGTCCGAA
BC_38,CGCGGCCGGTTAGGAAA
BC_39,TCAAGCCTCAGGCAGAA
BC_40,GACGAACGTCCGCGAAA
BC_41,GTTCAAGCTTAGATAAA
BC_42,TGCATAGCCTGTGGAAA
BC_43,AGGCGTGCACGTGGTAA
BC_44,TTACTACGTAATACCAA
BC_45,TTCGGAACGCGCACAAA
BC_46,TTCATCTCCAGTACGAA
BC_47,GTCACACTTAAGACAAA
BC_48,CTCGTCGCGCAATGCAA
BC_49,CTTGCGAGTAGGATTAA
BC_50,AGCTTCACGGAATCCAA
BC_51,CGCTGCGGCGAGTTGAA
BC_52,ACCTTCTGTTCTGCCAA
BC_53,CGGTTAGCGCGGTTCAA
BC_54,TCTATTGGATAGGATAA
BC_55,CGGACCGCCTGACAAAA
BC_56,CTGGCGACAACGCGAAA
BC_57,TGTCAGCGACTGCGAAA
BC_58,GACGGCACCAAGTTCAA
BC_59,CCTAGTTACCGAGCAAA
BC_60,TAGAGCCGACTGCAGAA
BC_61,TCCTACCGCGAGCCGAA
BC_62,GCAAGCAATGCACGCAA
BC_63,GAGCATAAGTGGTTAAA
BC_64,GTTAAGTCATACATAAA
BC_65,CTTCGCTCGTACAAGAA
BC_66,TTACATCGAGAATCAAA
BC_67,CAGCTGATCTAATTCAA
BC_68,AGGTTATATGTCGAGAA
BC_69,GCCTAACATGCTTCTAA
BC_70,CACATATAGAATTAGAA
BC_71,AGTAATGCATACCTGAA
BC_72,TACCAACTGGTCTGAAA
BC_73,GGCCTCTGACTCCAAAA
BC_74,ATGCATGTGGAACGCAA
BC_75,GCCGTCCGCGCGTAGAA
BC_76,GCCAACGGCTATATGAA
BC_77,AGATCTATTGGCAGTAA
BC_78,TTGCCAGACGTCATCAA
BC_79,ATTCGAGGAGCTACCAA
BC_80,CATAGCCAGGTTATCAA
BC_81,TATCCGATTCGCGCGAA
BC_82,ATTACCGATATACAAAA
BC_83,TTGCGGTTAGCTTGCAA
BC_84,CGAGTCCAGGCCGGAAA
BC_85,ACCAGTTACAGGACTAA
BC_86,TTAGTGGTCCGGTTAAA
BC_87,CAGCCTATGCTAGAGAA
BC_88,ACGTGAGGAGGCAGTAA
BC_89,ATAGCGGCTCTATCGAA
BC_90,ACCATAGACGATCATAA
BC_91,AGGACAACACTCAGTAA
BC_92,TCTCGCACCACGCGGAA
BC_93,CAGCCTACAATATGCAA
BC_94,TCCTGAGTGTCAATAAA
BC_95,TAACGGACTGACACGAA
BC_96,TCGGCTAGCTCCTGGAA
BC_97,GAGTGAGGCTCAGCTAA
BC_98,GCGAATATCCAGCATAA
BC_99,CGTGATAGTGTTGAAAA
BC_100,TACGGACGGCTAGAAAA
BC_101,AACTGTCGCCACGTCAA
BC_102,CACAGGTTGCCAAGAAA
BC_103,AGCGCATAGTTATCTAA
BC_104,GACCTGATCTTACATAA
BC_105,GTTATTCTGGTCTCAAA
BC_106,TGTATTCATACGCATAA
BC_107,CGCAACGTTCCACTGAA
BC_108,GTTCAGCAATACCTCAA
BC_109,CCGTGTATAAGTATAAA
BC_110,CGGCTACATCGTGCCAA
BC_111,ATCGCATTCTAAGAAAA
BC_112,CTAGGATAATGAACAAA
BC_113,CTATCTACCGGCTCGAA
BC_114,ATACTCACACAGGCGAA
BC_115,CTGCAATCAGTAGGAAA
BC_116,ACCAGGCCACACTATAA
BC_117,CGGTCTACTGTTAGAAA
BC_118,TATCCATATACAGGAAA
BC_119,AACATGGCGCAACATAA
BC_120,GTCAATCATGTGGAAAA
BC_121,TCCGACTTGGAATTCAA
BC_122,TTGGATGTCCAAGGTAA
BC_123,ACAACGAATTGGCAAAA
BC_124,AAGCAATGCGGAACAAA
BC_125,GGTCATAGGAAGTGTAA
BC_126,GCGACATCGCGGTCGAA
BC_127,TTACGTCGTGCTTGGAA
BC_128,CATTGTGACTTCACCAA
BC_129,TAGTATCTATAGATCAA
BC_130,CGGCTCACCGCGTCTAA
BC_131,CGTCCTCGACTGTCCAA
BC_132,CGGCCTCACGTGGCAAA
BC_133,CGTACGGCCGGCGCCAA
BC_134,GAATGTGCGCACTAAAA
BC_135,CATGTCTACGTTAAGAA
BC_136,CGAAGGATACACTCAAA
BC_137,CAGGTCGGCCAAGATAA
BC_138,TATAATGGATTCTAAAA
BC_139,GGCGTAACTCGTCTAAA
BC_140,GGACCACAATGTGCGAA
BC_141,GCACAGATCAGTGATAA
BC_142,ATACCGCGGTTAATCAA
BC_143,GATACGCACGCCTCAAA
BC_144,CGGTCTCGGCTTACAAA
BC_145,GCCATGGCCAGGACAAA
BC_146,GAGGTACACCAATCAAA
BC_147,GTTATTGTCCACAATAA
BC_148,TGCTAGTGAGGATTAAA
BC_149,TCTCTCAGGAACGCCAA
BC_150,GCCAAGTGGAGGCCGAA
BC_151,TCTGAGTATCAATTGAA
BC_152,CTTAGCAACTCTAACAA
BC_153,CGTTCGGAAGCCAGCAA
BC_154,CCGAGTGACGATGTGAA
BC_155,AACCGGTTGTTCTCAAA
BC_156,GGCAAGTGAACCATGAA
BC_157,AGGACGGTGAGGCCAAA
BC_158,GATTGGCTACTCAATAA
BC_159,CCGTCTCACCGATATAA
BC_160,AACCTACTCTCAAGGAA
BC_161,ACTTCGTATAGATTAAA
BC_162,GCAACTATTCGTTATAA
BC_163,AATTCAGGCGACGTGAA
BC_164,GGACGCTCGGAAGCTAA
BC_165,AGCACGACCTTGGTTAA
BC_166,GTGGCTGAGCTGACGAA
BC_167,TGACCTCCATAATAAAA
BC_168,ACAGAGAGTGTGACGAA
BC_169,GACGGCCTCGGCAAGAA
BC_170,CACGATCCTCGTTACAA
BC_171,CGATGCCGGACGATCAA
BC_172,ACTAGGTTAACCTCTAA
BC_173,AGGACATGCGGTAGCAA
BC_174,TGTCATAATTATGAGAA
BC_175,ACAGATACTACCGGAAA
BC_176,CACCTTATACTTGGCAA
BC_177,CGGATTGTACGCGCGAA
BC_178,ATAGGTATATCCATGAA
BC_179,TGAATGCAAGTAATTAA
BC_180,CCTGAGTGAGGATAGAA
BC_181,ATGAACCTGAAGGTAAA
BC_182,ATTCTGTTGAGGTGTAA
BC_183,TAGTTCGGCGCGCAAAA
BC_184,ATTGAGGCAACAACTAA
BC_185,AATAATCTTGCGCTTAA
BC_186,TTGATGCTAGATACAAA
BC_187,CCGATCAATGTGACTAA
BC_188,AAGCCGCAATAGGCCAA
BC_189,CTATTCTATGAGTCTAA
BC_190,CTTGCATGTAATGTAAA
BC_191,CTATATGGAACCTAAAA
BC_192,ATACTTAAGTGTTATAA
BC_193,CCGCATGAGGCCTGCAA
BC_194,AGTACAGGTGACTTAAA
BC_195,CCGAACGCAGCCGTAAA
BC_196,TAGAATCGCTACAACAA
BC_197,AATGTTACGTGACCTAA
BC_198,GCGCTGTGCCGAGGAAA
BC_199,TCTTCTACCTGATAAAA
BC_200,CATGAGACGACAAGTAA
BC_201,CTTAATGGTTCGATGAA
BC_202,CCATCAGGACGGAGTAA
BC_203,TGGTTGATCGTATCTAA
BC_204,GAACGATTCGCGGACAA
BC_205,GCAACTGGCATCATCAA
BC_206,CACAGCTACAACAAGAA
BC_207,CCTGGCCGCAGCGAGAA
BC_208,TTATGGAGTGTAACAAA
BC_209,TGCTTCCGATACGTCAA
BC_210,AGTCCGTTATAAGGCAA
BC_211,GCCGCTGTACTTGTTAA
BC_212,ATGCCGAATGAGTCGAA
BC_213,CTAATGTCACAAGTAAA
BC_214,ATCGTCGTCTGAGTCAA
BC_215,GTACTGACTATGCTTAA
BC_216,AGCAGGCTTGAAGGAAA
BC_217,AGAAGCAACCTCATGAA
BC_218,ACGAAGCGTGGCAGAAA
BC_219,TACAGGTACACATTGAA
BC_220,CACTAGTGCTGTATCAA
BC_221,GAGTTACCATTGAACAA
BC_222,CGTGCCAGCGAATTCAA
BC_223,TTGAAGGTAATACAGAA
BC_224,GACGGCCGCGCCGTCAA
BC_225,AATGCACCGAAGTGCAA
BC_226,ACAGCAAGCATGGTTAA
BC_227,TCCGTCAGACTGCTGAA
BC_228,TAACGTCACAACATAAA
BC_229,TAGGAGGTATCCTCAAA
BC_230,AAGTTGATTACCGTCAA
BC_231,TAGACCATGCCGCCTAA
BC_232,TAAGGACGCGTACGGAA
BC_233,TCTCTATGAATGTTGAA
BC_234,ACAGGCCGCATACTTAA
BC_235,CTAGCGGAATAGAAGAA
BC_236,CGTAATTGTCTACTTAA
BC_237,CGCCGCGATGAGCCAAA
BC_238,GCCGATCGGTGTCGAAA
BC_239,TCCTACTCGTTAGATAA
BC_240,CGGATGCTAAGCCAGAA
BC_241,AACAAGTACATCTGCAA
BC_242,TTCTAGATGTGATGGAA
BC_243,AGGAAGCCAAGCTTGAA
BC_244,GAACGCGCGTCACTTAA
BC_245,CTGTGGCACAGCTCGAA
BC_246,CTGGATGCCTGCGTAAA
BC_247,ATATTGCTCAATAGTAA
BC_248,GGATTACGGACCAGGAA
BC_249,ATTGGACGTCGTAAGAA
BC_250,CAGTCTCATTACGGAAA
BC_251,GGCGCTTCCGCGCGAAA
BC_252,TTCTAAGCATAAGTCAA
BC_253,GCAGGTTACGAAGTTAA
BC_254,GTCCAACCGACGCGGAA
BC_255,ATGATATATGGTACCAA
BC_256,CACGTAAGCCGAGAGAA
BC_257,AGACATAGCTTAGTTAA
BC_258,ATGTTCTGCAACGGCAA
BC_259,GTTACTGCTTCGGAAAA
BC_260,GCTACTCTTGTCCAGAA
BC_261,TGACGCAGGTCTATGAA
BC_262,GCGCACACTAGCGATAA
BC_263,AGACTGGCCACAGCCAA
BC_264,ATTAGTTAATTCGAGAA
BC_265,TTGACCATCGAAGGAAA
BC_266,AAGTATATGTGCGTAAA
BC_267,CCTACTGATACTCCAAA
BC_268,TTGGCTCTCGCCAGGAA
BC_269,TGGTAAGGTCACGGTAA
BC_270,CAGGCTCCAGGTTAGAA
BC_271,GATATTACCAGGATGAA
BC_272,CGAGTCTAAGGCGACAA
BC_273,CTAAGATATATATGTAA
BC_274,TAGTGGAGTAACGTTAA
BC_275,GAACTTAACGACCAAAA
BC_276,AGAGTGCGTACCGTAAA
BC_277,CCTACATTAGTAAGAAA
BC_278,CAGAGGACTCGCGAAAA
BC_279,ATCATCCGGATTCGTAA
BC_280,GCCACGGTACGAGGAAA
BC_281,CCTGCCTACTACTAGAA
BC_282,CCAGCCTTCGATTCGAA
BC_283,TAACATTAACTCATGAA
BC_284,ACCGCGAACTCTCTCAA
BC_285,AAGTGGTTAATTACGAA
BC_286,TAGGACATTCCAGGCAA
BC_287,AAGGTCTGGCTATTGAA
BC_288,AATCAGACATTCTCCAA
BC_289,TGTTGACCGCAGGAGAA
BC_290,CTCTTACACCGTAGGAA
BC_291,CCAATGAAGTATCTCAA
BC_292,CAGCTCCAGGTTGAAAA
BC_293,GGTACAGCTCCATAGAA
BC_294,TCCATCATTACGCCAAA
BC_295,GCTCTAATCCGCGGCAA
BC_296,ACAATGACATTCGGTAA
BC_297,CTACACAGCTGTACGAA
BC_298,CGACTCTCTCTTGGCAA
BC_299,AGTGTACATGTGAGGAA
BC_300,TAAGCAATCTTAGTAAA
